{"current":{"heading_color":"#4a4c56","text_color":"#4a4c56","accent_color":"#702dfa","link_color":"#874dff","border_color":"#e7e7e7","background":"#f7f7f7","secondary_background":"#ffffff","error_color":"#f71b1b","success_color":"#00d864","primary_button_background":"#6337bc","primary_button_text_color":"#ffffff","secondary_button_background":"#00d864","secondary_button_text_color":"#ffffff","footer_background":"#6337bc","footer_text_color":"#ffffff","header_background":"#ffffff","header_text_color":"#4a4c56","header_light_text_color":"#4a4c56","header_accent_color":"#6337bc","product_on_sale_accent":"#7a00ff","product_cor_do_preco":"#00d864","product_cor_do_preco_riscado":"#ee0000","product_cor_dos_titles":"#7a00ff","product_in_stock_color":"#00d864","product_low_stock_color":"#ee0000","product_sold_out_color":"#d1d1d4","product_label_1_background":"#ff6128","product_label_2_background":"#a95ebe","product_star_color":"#ffb647","addzap":true,"zapicon":true,"numberzap":"573138545948","titlezap":"Hable con nosotros\n<span>\n¡El mejor soporte es con latamstore!\n<\/span>","colorzap":"#9400ff","chatzap":"Hola, estoy aquí para ayudarte!","digizap":"Escribe tu mensaje...","base_text_font_size":15,"heading_font":"poppins_n4","text_font":"poppins_n4","underline_links":true,"animation_image_zoom":false,"search_mode":"product","mostrar_fretegratis1":false,"cordabarra":"#00d864","cordotexto":"#ffffff","show_vendor":true,"show_secondary_image":true,"show_discount":false,"discount_mode":"percentage","product_price_position":"after_title","product_image_size":"square","show_color_swatch":false,"show_inventory_quantity":false,"low_inventory_threshold":0,"show_reviews_badge":false,"cart_type":"drawer","cart_empty_button_link":"shopify:\/\/collections\/all","cart_show_free_shipping_threshold":false,"cart_free_shipping_threshold":"50","social_facebook":"","social_twitter":"","social_pinterest":"","social_instagram":"","social_vimeo":"","social_tumblr":"","social_youtube":"","social_linkedin":"","social_snapchat":"","social_fancy":"","favicon":"shopify:\/\/shop_images\/LOGO.png","checkout_header_image":"","checkout_logo_image":"shopify:\/\/shop_images\/logo210x_40x_6b8e4909-3fbb-4178-8775-39900114df23.png","checkout_logo_position":"center","checkout_logo_size":"medium","checkout_body_background_image":"","checkout_body_background_color":"#ffffff","checkout_input_background_color_mode":"white","checkout_sidebar_background_image":"","checkout_sidebar_background_color":"#f7f4f2","checkout_heading_font":"-apple-system, BlinkMacSystemFont, 'Segoe UI', Roboto, Helvetica, Arial, sans-serif, 'Apple Color Emoji', 'Segoe UI Emoji', 'Segoe UI Symbol'","checkout_body_font":"-apple-system, BlinkMacSystemFont, 'Segoe UI', Roboto, Helvetica, Arial, sans-serif, 'Apple Color Emoji', 'Segoe UI Emoji', 'Segoe UI Symbol'","checkout_accent_color":"#3a2a2f","checkout_button_color":"#f6cc3f","checkout_error_color":"#f71b1b","cordefundo":"#702dfa","header_cordotexto":"#96a3da","header_corsubheader":"#1d2a6c","sections":{"header":{"type":"header","blocks":{"7000eb54-1dfe-42a3-9fb7-577d915b94cb":{"type":"mega_menu","disabled":true,"settings":{"menu_item":"","image_1_heading":"Your image","image_1_text":"Tell your story","image_1_link":"","image_2_heading":"Your image","image_2_text":"Tell your story","image_2_link":""}}},"block_order":["7000eb54-1dfe-42a3-9fb7-577d915b94cb"],"settings":{"enable_sticky_header":true,"rastreiopage":"","logo":"shopify:\/\/shop_images\/LOGO_1.png","logo_max_width":115,"mobile_logo_max_width":70,"mostrar_barraimg":false,"bgimg":"#e7e7e7","imgpc":"shopify:\/\/shop_images\/banner_4d74d325-6275-427f-876c-634ca649ec90.png","imgpc_max_width":60,"imgmob":"shopify:\/\/shop_images\/banner_6405e85c-ca76-44f0-b43a-bf22f7abc8e6.png","imgmob_max_width":100,"linkimg":"","mostrar_barra":false,"background1":"#fcd000","background2":"#ff5f5f","background3":"#9100ff","background4":"#0086ff","show_locale_selector":false,"show_currency_selector":false,"navigation_menu":"","desktop_navigation_layout":"inline","desktop_navigation_open_trigger":"hover","show_navigation_social_media":false,"navigation_phone_number":"Telefone aqui","navigation_email":"contacto@latamstore.com","show_condensed_search":true,"show_search_filter":false,"search_menu":"","show_search_menu_title":false}},"footer":{"type":"footer","blocks":{"c9a6c378-573f-4c54-9fc6-5ca6e279f3f2":{"type":"text","settings":{"title":"","content":"<p><strong>SAC (Servicio al Cliente)<\/strong><\/p><p><strong>E-mail: <\/strong>contacto@latamstore.co<br\/><strong>WhatsApp:<\/strong> +57 (313) 8545948<\/p><p><\/p><p><\/p><p><strong>Servicio de lunes a sábado<\/strong><\/p><p>De 08:00 AM a 08:00 PM<\/p><h3><\/h3><h3><\/h3>"}},"links_6JTwVD":{"type":"links","settings":{"menu":"main-menu"}},"links_ezMBCf":{"type":"links","settings":{"menu":"politicas-1"}},"links_JW4XGn":{"type":"links","settings":{"menu":"politicas"}}},"block_order":["c9a6c378-573f-4c54-9fc6-5ca6e279f3f2","links_6JTwVD","links_ezMBCf","links_JW4XGn"],"settings":{"mostrar_mensagemdeaviso":true,"mostrar_logotipo":true,"logo":"shopify:\/\/shop_images\/branco.png","mostrar_selo1":true,"selo1":"latamstore.co","mostrar_selo2":false,"selo2":"","mostrar_selo3":false,"selo3":"latamstore.co","mostrar_barra":true,"background1":"#fcd000","background2":"#ff5f5f","background3":"#9100ff","background4":"#0086ff","show_social_media":false,"show_payment_icons":false,"show_locale_selector":false,"show_currency_selector":false,"show_cookie_bar":true,"text":"<p>Utilizamos cookies para mejorar nuestro sitio web y su experiencia de compra. Al continuar navegando en nuestro sitio web, acepta nuestra política sobre el uso de cookies.<\/p>","accept_button":"ENTENDER Y CERRAR"}},"slideshow":{"type":"slideshow","blocks":{"bbea030d-de91-4721-9ea1-9660f647bbd7":{"type":"image","settings":{"image":"shopify:\/\/shop_images\/BANNER_DESKTOP_1_-_ROXO.jpg","mobile_image":"shopify:\/\/shop_images\/BANNER_MOBILE_1_-_ROXO.jpg","show_overlay":false,"overlay_opacity":30,"text_color":"#ffffff","title":"","content":"","content_position":"middle_center","button_background":"#ffffff","button_text_color":"#000000","button_text":"","link":""}},"fa2eac7c-9fbf-4ea9-a172-eca738a9012d":{"type":"image","settings":{"image":"shopify:\/\/shop_images\/BANNER_DESKTOP_9_-_ROXO.jpg","mobile_image":"shopify:\/\/shop_images\/BANNER_MOBILE_9_-_ROXO.jpg","show_overlay":false,"overlay_opacity":30,"text_color":"#ffffff","title":"","content":"","content_position":"middle_center","button_background":"#ffffff","button_text_color":"#000000","button_text":"","link":""}}},"block_order":["bbea030d-de91-4721-9ea1-9660f647bbd7","fa2eac7c-9fbf-4ea9-a172-eca738a9012d"],"settings":{"edge_to_edge":true,"section_size":"preserve_ratio","carousel_effect":"slide","autoplay":true,"cycle_speed":6}},"collection-list":{"type":"collection-list","blocks":{"collection-0":{"type":"collection","settings":{"collection":""}},"collection-1":{"type":"collection","settings":{"collection":""}},"collection-2":{"type":"collection","settings":{"collection":""}},"collection-3":{"type":"collection","settings":{"collection":""}},"collection-4":{"type":"collection","settings":{"collection":""}},"collection-5":{"type":"collection","settings":{"collection":""}},"251025eb-4e17-48d5-b423-fc3c87660798":{"type":"collection","settings":{"collection":""}}},"block_order":["collection-0","collection-1","collection-2","collection-3","collection-4","collection-5","251025eb-4e17-48d5-b423-fc3c87660798"],"disabled":true,"settings":{"title":"Our collections","link_title":"View all","link":"shopify:\/\/collections","round_images":true,"show_collection_title":true}},"collection-template":{"type":"collection-template","settings":{"show_collection_image":false,"collapse_collection_description":false,"collection_image_size":"small","products_per_row":"4","default_products_per_page":24,"default_view_layout":"grid","show_quick_buy":"list","show_quick_view":"list","quick_links":"main-menu","quick_links_show_products_count":false,"show_filters":false,"show_filter_color_swatch":false,"filter_type":"tag","open_group_filters_mode":"all_closed","filter_group_order":""}},"recently-viewed-products":{"type":"recently-viewed-products","settings":{"title":"Recently viewed","show_quick_buy":false}},"product-template":{"type":"product-template","settings":{"mostrar_frete1":true,"titulofrete":"Entrega a tu casa","subtitulofrete":"","mostrar_pix":false,"pix":"","mostrar_bandeiras":true,"mostrar_quantidadevendidos":true,"mostrar_icone":true,"mostrar_codigodoitem":false,"mostrar_barra_de_entrega":true,"blackfriday":false,"show_vendor":true,"show_sku":true,"show_share_buttons":false,"show_taxes_included":false,"selector_mode":"dropdown","color_mode":"variant_image","show_quantity_selector":true,"show_payment_button":false,"image_size":"large","enable_image_zoom":true,"enable_video_looping":true,"zoom_effect":"inside","carousel_effect":"fade","show_inventory_quantity":false,"low_inventory_threshold":1,"content_display_mode":"show_all_and_expand_description","tab_page_1_handle":"","tab_page_2_handle":"","tab_page_3_handle":"","enable_reviews":false,"show_reviews_badge":false,"trust_title":"","show_payment_icons":false,"show_shipping_estimator":false,"shipping_estimator_default_country":"","show_refunds_policy":false}},"product-recommendations":{"type":"product-recommendations","settings":{"show_product_recommendations":true,"heading":"Tal vez te guste","show_quick_buy":false}},"announcement-bar":{"type":"announcement-bar","settings":{"show_announcement":true,"background1":"#7a00ff","background2":"#00e2b0","text_color":"#ffffff","mostraricone":true,"text":"ENVÍO GRATIS a toda Colombia 🚀 Entrega rápida - PAGA AL RECIBIR 🤍","show_newsletter":false,"newsletter_button":"","newsletter_title":"Newsletter","newsletter_content":"<p>Se inscreva em nossa newsletter para receber as últimas promoções.<\/p>"}},"popups":{"type":"popups","settings":{}},"text-with-icons":{"type":"text-with-icons","blocks":{"text-with-icons-3":{"type":"item","settings":{"icon":"bi-mobile-payment","title":"Compra Segura","content":"<p>Entorno seguro para pagos online<\/p>"}},"text-with-icons-0":{"type":"item","settings":{"icon":"bi-fast-delivery","title":"Flete Gratis","content":"<p>Envío rápido y acompañado de código de seguimiento.<\/p>"}},"text-with-icons-2":{"type":"item","settings":{"icon":"bi-love","title":"Soporte Profesional","content":"<p>Equipo de soporte de muy alta calidad durante toda la semana.<\/p>"}},"text-with-icons-1":{"type":"item","settings":{"icon":"bi-returns","title":"Satisfacción o Reembolso","content":"<p>Si hay algo, le reembolsaremos su dinero rápidamente.<\/p>"}}},"block_order":["text-with-icons-3","text-with-icons-0","text-with-icons-2","text-with-icons-1"],"settings":{"show_section":true,"stack_mobile":false}},"16153539675ef431a7":{"type":"featured-collection","settings":{"collection":"nuevos-arribos","title":"Ofertas de la semana","products_count":50,"layout":"vertical","stack_desktop":false,"show_quick_buy":false,"link_title":"Mira tudo","link_url":""}},"16153541158fc73818":{"type":"featured-collection","settings":{"collection":"mejores-ventas","title":"Accesorios + Vendidos","products_count":50,"layout":"vertical","stack_desktop":false,"show_quick_buy":false,"link_title":"Mira tudo","link_url":""}},"static-promotion-list":{"type":"static-promotion-list","settings":{"expand_items":false,"section_size":"medium","stack_mobile":false}},"static-recently-viewed-products":{"type":"static-recently-viewed-products","settings":{"show_section":false,"title":"Produtos que você viu recentemente","show_quick_buy":false}},"cart-template":{"type":"cart-template","settings":{"enable_order_notes":false,"show_payment_icons":false,"gift_wrap_product":"embrulhar-pedido","gift_wrap_text":"","gift_wrap_button":"Añadir ahora","show_shipping_estimator":false,"shipping_estimator_default_country":"","trust_heading":"","upsell_heading":"Disfrútalo y tómalo también.","upsell_collection":"mejores-ventas","upsell_products_count":4}},"static-newsletter":{"type":"static-newsletter","settings":{"show_section":false,"title":"Subscribe to our newsletter","content":"<p>A short sentence describing what someone will receive by subscribing<\/p>","subtext":"100% free, Unsubscribe any time!","background":"#1e2d7d","text":"#ffffff"}},"page-contact-template":{"type":"page-contact-template","settings":{"form_heading":"Preenche o formulário abaixo.","show_store_info":true,"store_heading":"","store_info":""}},"16494890143053ae61":{"type":"image-with-text","disabled":true,"settings":{"image":"shopify:\/\/shop_images\/LOGO_1.png","image_position":"left","image_width":55,"title":"Poco de Nosotros","content":"<p>Desarrollado para satisfacer sus necesidades y valorar la satisfacción y la seguridad, ¡entregando productos de la más alta calidad de la mejor manera posible!<\/p><p><strong>¿Quieres saber más sobre nosotros y nuestro equipo?<\/strong><\/p><p><br\/>Haga clic en el botón de abajo<\/p>","button_text":"Descubra más sobre nosotros","button_link":"shopify:\/\/pages\/sobre-nos"}},"1649913261818592e3":{"type":"promotion-list","blocks":{"1649913261818592e3-0":{"type":"item","settings":{"image":"shopify:\/\/shop_images\/br-11134207-7r98p-lmbvgek5eaejb6-removebg-preview.png","show_overlay":false,"overlay_opacity":50,"stretch_image":false,"background":"#7a00ff","background2":"#00ffb8","text_color":"#ffffff","title":"MASAJEADOR ELECTRICO MUSCULAR","content":"Por apenas R$ 29,90","content_position":"top_left","button_background":"#ffffff","button_text_color":"#7a00ff","button_text":"Mira produto","button_link":"shopify:\/\/products\/masajeador-electrico-muscular-mariposa"}},"1649913261818592e3-1":{"type":"item","settings":{"image":"shopify:\/\/shop_images\/abcc0b223ea344c7349657734cfed10f-removebg-preview.png","show_overlay":false,"overlay_opacity":50,"stretch_image":false,"background":"#7a00ff","background2":"#00ffb8","text_color":"#ffffff","title":"DEPILADOR HAILESS","content":"Por apenas R$ 19,95","content_position":"top_left","button_background":"#ffffff","button_text_color":"#7a00ff","button_text":"Mira produto","button_link":"shopify:\/\/products\/depilador-de-cristal-hairless™"}},"1649913261818592e3-2":{"type":"item","settings":{"image":"shopify:\/\/shop_images\/1709569594WhatsApp_Image_2024-03-04_at_11.22.40_AM__2_-removebg-preview_c4899054-97fd-42e0-87cd-4846ffcc3cea.png","show_overlay":false,"overlay_opacity":50,"stretch_image":false,"background":"#7a00ff","background2":"#00ffb8","text_color":"#ffffff","title":"BOLSO BANDOLERA","content":"Por apenas $ 390.095,00","content_position":"top_left","button_background":"#ffffff","button_text_color":"#7a00ff","button_text":"Mira produto","button_link":"shopify:\/\/products\/bolso-bandolera"}}},"block_order":["1649913261818592e3-0","1649913261818592e3-1","1649913261818592e3-2"],"settings":{"expand_items":false,"section_size":"medium","stack_mobile":false}},"1649913264519d35a7":{"type":"collection-with-image","settings":{"collection":"mejores-ventas","products_count":12,"background1":"#7a00ff","background2":"#25edca","text_color":"#ffffff","title":"Los más vendidos de tu colección.","content":"Ver más productos relacionados haciendo clic en el botón de abajo","button_background":"#ffffff","button_text_color":"#702dfa","button_text":"Ver más productos","button_link":"shopify:\/\/collections"}},"minimal-header":{"type":"minimal-header","settings":{"logo":"shopify:\/\/shop_images\/LOGOMARCA_ISO_COLORIDO_ecc51cc9-6d7c-44e7-abfe-2dd750c53836.png","logo_max_width":175,"mobile_logo_max_width":145}},"password-template":{"type":"password-template","settings":{"show_social_media":true,"heading":"Loja milionária em construção!","text":"<p>Para acessar e sentir o gostinho do sucesso, coloque a senha \"4321\".<\/p>","show_newsletter_signup":false,"newsletter_text":"<p>A short sentence describing what someone will receive by subscribing.<\/p>"}},"rich_text_t6BwCt":{"type":"rich-text","settings":{"text_width":"narrow","title":"FAQ","content":"","button_text":"Preguntas Frecuentes","button_link":"shopify:\/\/pages\/preguntas-frecuentes"}}},"content_for_index":["slideshow","16153539675ef431a7","1649913261818592e3","16153541158fc73818","16494890143053ae61","1649913264519d35a7","rich_text_t6BwCt"],"blocks":{"13669795325273674392":{"type":"shopify:\/\/apps\/releasit-cod-form\/blocks\/app-embed\/72faf214-4174-4fec-886b-0d0e8d3af9a2","disabled":false,"settings":{}}}},"presets":{"Metal":{"heading_color":"#1e2d7d","text_color":"#677279","accent_color":"#00badb","link_color":"#00badb","border_color":"#e1e3e4","background":"#f3f5f6","secondary_background":"#ffffff","error_color":"#ff0000","success_color":"#00aa00","primary_button_background":"#00badb","primary_button_text_color":"#ffffff","secondary_button_background":"#1e2d7d","secondary_button_text_color":"#ffffff","header_background":"#1e2d7d","header_text_color":"#ffffff","header_light_text_color":"#a3afef","header_accent_color":"#00badb","product_on_sale_accent":"#ee0000","product_in_stock_color":"#008a00","product_low_stock_color":"#ee0000","product_sold_out_color":"#8a9297","product_label_1_background":"#008a00","product_label_2_background":"#00a500","product_star_color":"#ffbd00","addzap":true,"zapicon":true,"imagezap":"shopify:\/\/shop_images\/super-oferta.png","numberzap":"5551984869182","titlezap":"Fale Conosco \n<span>\nO melhor suporte é com a Luky Ofertas!\n<\/span>","colorzap":"#ff7200","chatzap":"Olá, estou aqui para te ajudar!","digizap":"Digite sua mensagem...","base_text_font_size":16,"heading_font":"din_next_n5","text_font":"din_next_n4","underline_links":true,"animation_image_zoom":true,"search_mode":"product,article","show_vendor":true,"show_secondary_image":true,"product_price_position":"after_title","product_image_size":"natural","show_discount":true,"discount_mode":"saving","show_color_swatch":false,"show_inventory_quantity":false,"low_inventory_threshold":0,"show_reviews_badge":false,"cart_type":"drawer","cart_empty_button_link":"shopify:\/\/collections\/all","cart_show_free_shipping_threshold":false,"cart_free_shipping_threshold":"50","share_image":"","social_facebook":"","social_twitter":"","social_google_plus":"","social_pinterest":"","social_instagram":"","social_vimeo":"","social_tumblr":"","social_youtube":"","social_linkedin":"","social_snapchat":"","social_fancy":"","favicon":"","checkout_header_image":"","checkout_logo_image":"","checkout_logo_position":"left","checkout_logo_size":"medium","checkout_body_background_image":"","checkout_body_background_color":"#fff","checkout_input_background_color_mode":"white","checkout_sidebar_background_image":"","checkout_sidebar_background_color":"#fafafa","checkout_heading_font":"-apple-system, BlinkMacSystemFont, 'Segoe UI', Roboto, Helvetica, Arial, sans-serif, 'Apple Color Emoji', 'Segoe UI Emoji', 'Segoe UI Symbol'","checkout_body_font":"-apple-system, BlinkMacSystemFont, 'Segoe UI', Roboto, Helvetica, Arial, sans-serif, 'Apple Color Emoji', 'Segoe UI Emoji', 'Segoe UI Symbol'","checkout_accent_color":"#00badb","checkout_button_color":"#00badb","checkout_error_color":"#ff0000","sections":{"header":{"type":"header","settings":{"logo":"","logo_max_width":140,"mobile_logo_max_width":100,"navigation_menu":"main-menu","desktop_navigation_layout":"inline","desktop_navigation_open_trigger":"hover","navigation_phone_number":"Call us 000-000-0000","navigation_email":"info@yourwebsite.com","search_menu":""}},"footer":{"type":"footer","blocks":{"footer-0":{"type":"text","settings":{"title":"About the shop","content":"<p>Use this text area to tell your customers about your brand and vision. You can change it in the theme settings.<\/p>"}},"footer-1":{"type":"links","settings":{"menu":"footer"}},"footer-2":{"type":"newsletter","settings":{"title":"Newsletter","subheading":"<p>A short sentence describing what someone will receive by subscribing<\/p>"}}},"block_order":["footer-0","footer-1","footer-2"],"settings":{"show_social_media":true,"show_payment_icons":true}},"slideshow":{"type":"slideshow","blocks":{"slide-0":{"type":"image","settings":{"image":"","mobile_image":"","text_color":"#ffffff","title":"Tell your story","content":"Tell your story","content_position":"bottomLeft","button_background":"#ffffff","button_text_color":"#000000","button_text":"Button","link":""}},"slide-1":{"type":"image","settings":{"image":"","mobile_image":"","text_color":"#ffffff","title":"Tell your story","content":"Tell your story","content_position":"bottomLeft","button_background":"#ffffff","button_text_color":"#000000","button_text":"Button","link":""}}},"block_order":["slide-0","slide-1"],"settings":{"edge_to_edge":true,"section_size":"preserve_ratio","cycle_speed":5}},"collection-list":{"type":"collection-list","blocks":{"collection-0":{"type":"collection","settings":{"collection":"","image":""}},"collection-1":{"type":"collection","settings":{"collection":"","image":""}},"collection-2":{"type":"collection","settings":{"collection":"","image":""}},"collection-3":{"type":"collection","settings":{"collection":"","image":""}},"collection-4":{"type":"collection","settings":{"collection":"","image":""}},"collection-5":{"type":"collection","settings":{"collection":"","image":""}}},"block_order":["collection-0","collection-1","collection-2","collection-3","collection-4","collection-5"],"settings":{"title":"Our collections","link_title":"View all","link":"shopify:\/\/collections"}},"featured-product":{"type":"featured-product","settings":{"product":"","title":"Featured product","selector_mode":"block","color_mode":"color","zoom_effect":"outside","carousel_effect":"fade","low_inventory_threshold":0}},"collection-template":{"type":"collection-template","settings":{"collection_image_size":"small","default_view_layout":"grid","show_quick_buy":"list","show_quick_view":"list","quick_links":"","filter_type":"tag"}},"recently-viewed-products":{"type":"recently-viewed-products","settings":{"title":"Recently viewed"}},"product-template":{"type":"product-template","settings":{"selector_mode":"block","color_mode":"color","zoom_effect":"outside","carousel_effect":"fade","low_inventory_threshold":0,"tab_page_1_handle":"","tab_page_2_handle":"","tab_page_3_handle":"","custom_security_badge":""}},"product-recommendations":{"type":"product-recommendations","settings":{}},"announcement-bar":{"type":"announcement-bar","settings":{"text_color":"#ffffff","text":"Announce something here","newsletter_button":"Subscribe & Save","newsletter_title":"Newsletter","newsletter_content":"<p>A short sentence describing what someone will receive by subscribing<\/p>"}},"1542984811767":{"type":"featured-collection","settings":{"collection":"","title":"Featured collection","products_count":12,"layout":"vertical","link_title":"View all"}},"1542984842027":{"type":"newsletter","settings":{"title":"Newsletter","content":"<p>A short sentence describing what someone will receive by subscribing<\/p>"}},"1542984882560":{"type":"blog-posts","settings":{"blog":"news","title":"Blog posts"}}},"content_for_index":["slideshow","1542984811767","collection-list","1542984842027","featured-product","1542984882560"]},"Wood":{"heading_color":"#3a2a2f","text_color":"#3a2a2f","accent_color":"#ff6128","link_color":"#ff6128","border_color":"#e7e2de","background":"#f7f4f2","secondary_background":"#ffffff","error_color":"#f71b1b","success_color":"#48b448","primary_button_background":"#ff6128","primary_button_text_color":"#ffffff","secondary_button_background":"#3a2a2f","secondary_button_text_color":"#ffffff","header_background":"#3a2a2f","header_text_color":"#ffffff","header_light_text_color":"#e9e2dd","header_accent_color":"#ff6128","product_on_sale_accent":"#ee0000","product_in_stock_color":"#008a00","product_low_stock_color":"#ee0000","product_sold_out_color":"#d1d1d4","product_label_1_background":"#ff6128","product_label_2_background":"#a95ebe","product_star_color":"#ffb647","base_text_font_size":15,"heading_font":"itc_avant_garde_gothic_n5","text_font":"basic_commercial_n4","underline_links":true,"animation_image_zoom":true,"search_mode":"product,article,page","show_vendor":true,"show_secondary_image":true,"show_discount":true,"discount_mode":"percentage","product_price_position":"after_title","product_image_size":"square","show_color_swatch":false,"show_inventory_quantity":true,"low_inventory_threshold":1,"show_reviews_badge":false,"cart_type":"drawer","cart_empty_button_link":"shopify:\/\/collections\/all","cart_show_free_shipping_threshold":true,"cart_free_shipping_threshold":"50","checkout_logo_position":"center","checkout_logo_size":"medium","checkout_body_background_image":"","checkout_body_background_color":"#fff","checkout_input_background_color_mode":"white","checkout_sidebar_background_image":"","checkout_sidebar_background_color":"#f7f4f2","checkout_heading_font":"-apple-system, BlinkMacSystemFont, 'Segoe UI', Roboto, Helvetica, Arial, sans-serif, 'Apple Color Emoji', 'Segoe UI Emoji', 'Segoe UI Symbol'","checkout_body_font":"-apple-system, BlinkMacSystemFont, 'Segoe UI', Roboto, Helvetica, Arial, sans-serif, 'Apple Color Emoji', 'Segoe UI Emoji', 'Segoe UI Symbol'","checkout_accent_color":"#ff6128","checkout_button_color":"#ff6128","checkout_error_color":"#f71b1b","sections":{"header":{"type":"header","settings":{"logo":"","logo_max_width":140,"mobile_logo_max_width":100,"navigation_menu":"main-menu","desktop_navigation_layout":"inline","desktop_navigation_open_trigger":"hover","navigation_phone_number":"Call us 000-000-0000","navigation_email":"info@yourwebsite.com","search_menu":""}},"footer":{"type":"footer","blocks":{"footer-0":{"type":"text","settings":{"title":"About the shop","content":"<p>Use this text area to tell your customers about your brand and vision. You can change it in the theme settings.<\/p>"}},"footer-1":{"type":"links","settings":{"menu":"footer"}},"footer-2":{"type":"newsletter","settings":{"title":"Newsletter","subheading":"<p>A short sentence describing what someone will receive by subscribing<\/p>"}}},"block_order":["footer-0","footer-1","footer-2"],"settings":{"show_social_media":true,"show_payment_icons":true}},"slideshow":{"type":"slideshow","blocks":{"slide-0":{"type":"image","settings":{"image":"","mobile_image":"","text_color":"#ffffff","title":"Tell your story","content":"Tell your story","content_position":"bottomLeft","button_background":"#ffffff","button_text_color":"#000000","button_text":"Button","link":""}},"slide-1":{"type":"image","settings":{"image":"","mobile_image":"","text_color":"#ffffff","title":"Tell your story","content":"Tell your story","content_position":"bottomLeft","button_background":"#ffffff","button_text_color":"#000000","button_text":"Button","link":""}}},"block_order":["slide-0","slide-1"],"settings":{"edge_to_edge":true,"section_size":"preserve_ratio","cycle_speed":5}},"collection-list":{"type":"collection-list","blocks":{"collection-0":{"type":"collection","settings":{"collection":"","image":""}},"collection-1":{"type":"collection","settings":{"collection":"","image":""}},"collection-2":{"type":"collection","settings":{"collection":"","image":""}},"collection-3":{"type":"collection","settings":{"collection":"","image":""}},"collection-4":{"type":"collection","settings":{"collection":"","image":""}},"collection-5":{"type":"collection","settings":{"collection":"","image":""}}},"block_order":["collection-0","collection-1","collection-2","collection-3","collection-4","collection-5"],"settings":{"title":"Our collections","link_title":"View all","link":"shopify:\/\/collections"}},"collection-template":{"type":"collection-template","settings":{"collection_image_size":"small","default_view_layout":"grid","show_quick_buy":"list","show_quick_view":"list","quick_links":"","filter_type":"tag"}},"recently-viewed-products":{"type":"recently-viewed-products","settings":{"title":"Recently viewed"}},"product-template":{"type":"product-template","settings":{"selector_mode":"block","color_mode":"color","zoom_effect":"outside","carousel_effect":"fade","low_inventory_threshold":0,"tab_page_1_handle":"","tab_page_2_handle":"","tab_page_3_handle":"","custom_security_badge":""}},"product-recommendations":{"type":"product-recommendations","settings":{}},"announcement-bar":{"type":"announcement-bar","settings":{"text_color":"#ffffff","text":"Announce something here","newsletter_button":"Subscribe & Save","newsletter_title":"Newsletter","newsletter_content":"<p>A short sentence describing what someone will receive by subscribing<\/p>"}},"1542984811767":{"type":"featured-collection","settings":{"collection":"","title":"Featured collection","products_count":12,"layout":"vertical","link_title":"View all"}},"1550833441117":{"type":"collection-with-image","settings":{"collection":"","products_count":12,"image":"","text_color":"#ffffff","title":"Our best sellers","content":"Shop our most popular products for this season.","button_background":"#e95d2b","button_text_color":"#ffffff","button_text":"Learn more","button_link":""}},"1555314133560":{"type":"promotion-list","blocks":{"1555314133560-0":{"type":"item","settings":{"image":"","show_overlay":false,"stretch_image":false,"background":"#6f42ef","text_color":"#ffffff","title":"Your heading","content":"Tell more about your product, collection...","button_background":"#ffffff","button_text_color":"#6f42ef","button_text":"Learn more","button_link":""}},"1555314133560-1":{"type":"item","settings":{"image":"","show_overlay":false,"stretch_image":false,"background":"#fc2a68","text_color":"#ffffff","title":"Your heading","content":"Tell more about your product, collection...","button_background":"#ffffff","button_text_color":"#fc2a68","button_text":"Learn more","button_link":""}},"1555314133560-2":{"type":"item","settings":{"image":"","show_overlay":false,"stretch_image":false,"background":"#26c1ce","text_color":"#ffffff","title":"Your heading","content":"Tell more about your product, collection...","button_background":"#ffffff","button_text_color":"#26c1ce","button_text":"Learn more","button_link":""}}},"block_order":["1555314133560-0","1555314133560-1","1555314133560-2"],"settings":{"expand_items":false,"section_size":"medium","stack_mobile":false}},"1542984882560":{"type":"blog-posts","settings":{"blog":"news","title":"Blog posts"}}},"content_for_index":["slideshow","1542984811767","1555314133560","collection-list","1550833441117","1542984882560"]}}}